N11_16219	Sto-Mir-10-P2a_pre	98.276	58	1	0	1	58	1	58	6.46e-26	102
N11_16219	Sto-Mir-10-P2b_pre	100.000	20	0	0	1	20	1	20	1.85e-06	38.1
N11_16219	Sto-Mir-10-P2c_pre	95.455	22	1	0	1	22	1	22	6.64e-06	36.2
N11_16219	Sto-Mir-10-P1a-v2_pre	91.667	24	1	1	2	24	1	24	8.59e-05	32.5
N11_16219	Sto-Mir-10-P1a-v1_pre	91.667	24	1	1	2	24	2	25	8.59e-05	32.5
N24_20772	Sto-Mir-1-P2_pre	100.000	61	0	0	1	61	1	61	3.18e-29	113
N24_20772	Sto-Mir-1-P2_pre	86.957	23	2	1	38	59	23	1	0.015	25.1
N24_20772	Sto-Mir-1-P2_pre	86.957	23	2	1	1	23	59	38	0.015	25.1
N24_20772	Sto-Mir-1-P1_pre	93.548	62	2	2	1	61	1	61	1.49e-22	91.6
N24_20772	Sto-Mir-1-P1_pre	86.957	23	2	1	38	59	23	1	0.015	25.1
N24_20772	Sto-Mir-1-P1_pre	86.957	23	2	1	1	23	59	38	0.015	25.1
N24_20772	Sto-Mir-1-P4_pre	83.607	61	7	2	1	60	1	59	1.95e-11	54.7
N24_20772	Sto-Mir-1-P4_pre	86.957	23	2	1	1	23	58	37	0.015	25.1
N24_20772	Sto-Mir-455_pre	100.000	11	0	0	12	22	56	46	0.20	21.4
N30_31086	Sto-Mir-1-P1_pre	98.361	61	1	0	1	61	1	61	1.48e-27	108
N30_31086	Sto-Mir-1-P1_pre	78.125	64	4	7	1	59	59	1	9.15e-05	32.5
N30_31086	Sto-Mir-1-P2_pre	91.935	62	3	2	1	61	1	61	6.93e-21	86.1
N30_31086	Sto-Mir-1-P2_pre	86.957	23	2	1	38	59	23	1	0.015	25.1
N30_31086	Sto-Mir-1-P2_pre	86.957	23	2	1	1	23	59	38	0.015	25.1
N30_31086	Sto-Mir-1-P4_pre	88.333	60	6	1	1	60	1	59	1.94e-16	71.3
N30_31086	Sto-Mir-1-P4_pre	86.957	23	2	1	1	23	58	37	0.015	25.1
N30_31086	Sto-Mir-455_pre	100.000	11	0	0	12	22	56	46	0.20	21.4
N3_5378	Sto-Mir-1-P4_pre	100.000	59	0	0	1	59	1	59	4.03e-28	110
N3_5378	Sto-Mir-1-P1_pre	88.525	61	6	1	1	60	1	61	5.28e-17	73.1
N3_5378	Sto-Mir-1-P1_pre	86.957	23	2	1	37	58	23	1	0.015	25.1
N3_5378	Sto-Mir-1-P2_pre	83.871	62	7	2	1	60	1	61	5.32e-12	56.5
N3_5378	Sto-Mir-1-P2_pre	86.957	23	2	1	37	58	23	1	0.015	25.1
N25_21382	Sto-Mir-7-P1_pre	100.000	63	0	0	1	63	1	63	2.56e-30	117
N25_21382	Sto-Mir-7-P3_pre	89.231	65	5	1	1	63	1	65	3.35e-19	80.5
N25_21382	Sto-Mir-7-P2_pre	85.246	61	6	3	1	60	1	59	4.37e-13	60.2
N25_21382	Sto-Mir-338-P2_pre	100.000	13	0	0	10	22	47	59	0.016	25.1
N25_21382	Sto-Mir-338-P1_pre	100.000	13	0	0	10	22	47	59	0.016	25.1
N25_21382	Sto-Mir-92-P1d_pre	90.000	20	1	1	22	41	19	37	0.016	25.1
N25_21382	Sto-Let-7-P2b2_pre	100.000	11	0	0	9	19	29	39	0.21	21.4
N10_15111	Sto-Mir-7-P3_pre	100.000	65	0	0	1	65	1	65	2.05e-31	121
N10_15111	Sto-Mir-7-P1_pre	89.231	65	5	1	1	65	1	63	3.49e-19	80.5
N10_15111	Sto-Mir-7-P2_pre	80.645	62	9	2	1	62	1	59	1.27e-08	45.4
N10_15111	Sto-Mir-338-P2_pre	100.000	13	0	0	10	22	47	59	0.017	25.1
N10_15111	Sto-Mir-338-P1_pre	100.000	13	0	0	10	22	47	59	0.017	25.1
N10_15111	Sto-Let-7-P2b2_pre	100.000	11	0	0	9	19	29	39	0.21	21.4
N27_25771	Sto-Mir-10-P1b-v2_pre	100.000	57	0	0	1	57	1	57	4.88e-27	106
N27_25771	Sto-Mir-10-P1b-v1_pre	100.000	57	0	0	1	57	2	58	4.88e-27	106
N27_25771	Sto-Mir-10-P1a-v2_pre	83.607	61	6	2	1	57	1	61	1.79e-11	54.7
N27_25771	Sto-Mir-10-P1a-v1_pre	83.607	61	6	2	1	57	2	62	1.79e-11	54.7
N9_13647	Sto-Mir-9-P3_pre	98.387	62	1	0	1	62	1	62	4.19e-28	110
N9_13647	Sto-Mir-9-P3_pre	79.032	62	7	6	2	60	60	2	2.01e-06	38.1
N9_13647	Sto-Mir-9-P4_pre	90.323	62	5	1	1	62	1	61	3.29e-19	80.5
N9_13647	Sto-Mir-9-P4_pre	91.304	23	1	1	38	60	23	2	3.36e-04	30.7
N9_13647	Sto-Mir-9-P2_pre	87.097	62	7	1	1	62	1	61	7.12e-16	69.4
N9_13647	Sto-Mir-9-P2_pre	91.304	23	1	1	38	60	23	2	3.36e-04	30.7
N25_21572	Sto-Mir-9-P2_pre	100.000	61	0	0	1	61	1	61	3.18e-29	113
N25_21572	Sto-Mir-9-P2_pre	80.000	60	8	4	2	59	59	2	1.52e-07	41.7
N25_21572	Sto-Mir-9-P3_pre	88.710	62	6	1	1	61	1	62	1.50e-17	75.0
N25_21572	Sto-Mir-9-P3_pre	78.689	61	8	4	2	59	60	2	7.08e-06	36.2
N25_21572	Sto-Mir-9-P4_pre	85.246	61	9	0	1	61	1	61	3.25e-14	63.9
N25_21572	Sto-Mir-9-P4_pre	91.304	23	1	1	37	59	23	2	3.29e-04	30.7
N10_15241	Sto-Mir-9-P4_pre	100.000	61	0	0	1	61	1	61	3.18e-29	113
N10_15241	Sto-Mir-9-P3_pre	91.935	62	4	1	1	61	1	62	6.93e-21	86.1
N10_15241	Sto-Mir-9-P3_pre	91.304	23	1	1	2	23	60	38	3.29e-04	30.7
N10_15241	Sto-Mir-9-P2_pre	85.246	61	9	0	1	61	1	61	3.25e-14	63.9
N10_15241	Sto-Mir-9-P2_pre	91.304	23	1	1	2	23	59	37	3.29e-04	30.7
N11_15763	Sto-Mir-10-P1a-v1_pre	100.000	62	0	0	1	62	1	62	9.02e-30	115
N11_15763	Sto-Mir-10-P1a-v2_pre	100.000	61	0	0	2	62	1	61	3.24e-29	113
N11_15763	Sto-Mir-10-P1b-v1_pre	83.871	62	6	2	1	62	1	58	5.54e-12	56.5
N11_15763	Sto-Mir-10-P1b-v2_pre	83.607	61	6	2	2	62	1	57	1.99e-11	54.7
N11_15763	Sto-Mir-10-P2a_pre	91.667	24	1	1	2	25	2	24	9.34e-05	32.5
N11_15763	Sto-Mir-10-P2b_pre	90.000	20	1	1	2	21	2	20	0.016	25.1
N23_19501	Sto-Mir-199-P1-v3_pre	100.000	61	0	0	1	61	1	61	3.18e-29	113
N23_19501	Sto-Mir-199-P1-v2_pre	100.000	61	0	0	1	61	1	61	3.18e-29	113
N23_19501	Sto-Mir-199-P1-v1_pre	100.000	61	0	0	1	61	1	61	3.18e-29	113
N23_19501	Sto-Mir-199-P3-v3_pre	91.803	61	5	0	1	61	1	61	6.93e-21	86.1
N23_19501	Sto-Mir-199-P3-v2_pre	91.803	61	5	0	1	61	1	61	6.93e-21	86.1
N23_19501	Sto-Mir-199-P3-v1_pre	91.803	61	5	0	1	61	1	61	6.93e-21	86.1
N29_29099	Sto-Mir-199-P3-v3_pre	100.000	61	0	0	1	61	1	61	3.18e-29	113
N29_29099	Sto-Mir-199-P3-v2_pre	100.000	61	0	0	1	61	1	61	3.18e-29	113
N29_29099	Sto-Mir-199-P3-v1_pre	100.000	61	0	0	1	61	1	61	3.18e-29	113
N29_29099	Sto-Mir-199-P1-v3_pre	91.803	61	5	0	1	61	1	61	6.93e-21	86.1
N29_29099	Sto-Mir-199-P1-v2_pre	91.803	61	5	0	1	61	1	61	6.93e-21	86.1
N29_29099	Sto-Mir-199-P1-v1_pre	91.803	61	5	0	1	61	1	61	6.93e-21	86.1
N29_29374	Sto-Mir-143_pre	100.000	55	0	0	1	55	1	55	6.04e-26	102
N29_29374	Sto-Mir-205-P3_pre	100.000	11	0	0	35	45	49	59	0.17	21.4
N24_19662	Sto-Mir-30-P1c_pre	96.875	64	1	1	1	64	1	63	5.64e-27	106
N24_19662	Sto-Mir-30-P1b_pre	92.308	26	2	0	1	26	1	26	2.09e-06	38.1
N24_19662	Sto-Mir-30-P1b_pre	100.000	20	0	0	42	61	41	60	2.09e-06	38.1
N24_19662	Sto-Mir-30-P2c_pre	100.000	11	0	0	1	11	1	11	0.21	21.4
N24_19662	Sto-Mir-30-P2b_pre	100.000	11	0	0	1	11	1	11	0.21	21.4
N24_19662	Sto-Mir-30-P2a_pre	100.000	11	0	0	1	11	1	11	0.21	21.4
N27_23959	Sto-Mir-203-v2_pre	100.000	60	0	0	1	60	1	60	1.12e-28	111
N27_23959	Sto-Mir-203-v1_pre	100.000	60	0	0	1	60	1	60	1.12e-28	111
N3_4254	Sto-Mir-30-P2b_pre	100.000	60	0	0	1	60	1	60	1.12e-28	111
N3_4254	Sto-Mir-30-P2a_pre	96.296	27	1	0	1	27	1	27	1.15e-08	45.4
N3_4254	Sto-Mir-30-P2c_pre	92.308	26	0	1	1	26	1	24	6.93e-06	36.2
N3_4254	Sto-Mir-30-P1b_pre	100.000	12	0	0	1	12	1	12	0.054	23.3
N3_4254	Sto-Mir-30-P1c_pre	100.000	11	0	0	1	11	1	11	0.19	21.4
N8_12896	Sto-Mir-8-P2a_pre	100.000	59	0	0	1	59	1	59	3.94e-28	110
N2_2998	Sto-Mir-140-v2_pre	100.000	61	0	0	1	61	1	61	3.18e-29	113
N2_2998	Sto-Mir-140-v1_pre	100.000	61	0	0	1	61	1	61	3.18e-29	113
N23_19164	Sto-Mir-181-P1b_pre	100.000	63	0	0	1	63	1	63	2.56e-30	117
N23_19164	Sto-Mir-181-P1c_pre	85.714	63	8	1	1	63	1	62	9.39e-15	65.8
N23_19164	Sto-Mir-181-P1a_pre	84.615	65	5	3	1	63	1	62	4.37e-13	60.2
N29_28206	Sto-Mir-181-P1a_pre	100.000	62	0	0	1	62	1	62	9.02e-30	115
N29_28206	Sto-Mir-181-P1c_pre	85.714	63	7	2	1	62	1	62	9.21e-15	65.8
N29_28206	Sto-Mir-181-P1b_pre	84.615	65	5	3	1	62	1	63	4.28e-13	60.2
N1_192	Sto-Mir-122_pre	100.000	58	0	0	1	58	1	58	1.39e-27	108
N1_192	Sto-Mir-30-P2a_pre	100.000	11	0	0	6	16	24	34	0.19	21.4
N30_31084	Sto-Mir-133-P1-v2_pre	100.000	60	0	0	1	60	1	60	1.12e-28	111
N30_31084	Sto-Mir-133-P1-v1_pre	100.000	60	0	0	1	60	1	60	1.12e-28	111
N30_31084	Sto-Mir-133-P2-v2_pre	96.667	60	2	0	1	60	1	60	2.42e-25	100
N30_31084	Sto-Mir-133-P2-v1_pre	96.667	60	2	0	1	60	1	60	2.42e-25	100
N30_31084	Sto-Mir-133-P4-v2_pre	86.207	58	8	0	2	59	1	58	3.18e-14	63.9
N30_31084	Sto-Mir-133-P4-v1_pre	86.207	58	8	0	2	59	1	58	3.18e-14	63.9
N24_20770	Sto-Mir-133-P2-v2_pre	100.000	60	0	0	1	60	1	60	1.12e-28	111
N24_20770	Sto-Mir-133-P2-v1_pre	100.000	60	0	0	1	60	1	60	1.12e-28	111
N24_20770	Sto-Mir-133-P1-v2_pre	96.667	60	2	0	1	60	1	60	2.42e-25	100
N24_20770	Sto-Mir-133-P1-v1_pre	96.667	60	2	0	1	60	1	60	2.42e-25	100
N24_20770	Sto-Mir-133-P4-v2_pre	87.931	58	7	0	2	59	1	58	6.83e-16	69.4
N24_20770	Sto-Mir-133-P4-v1_pre	87.931	58	7	0	2	59	1	58	6.83e-16	69.4
N26_23073	Sto-Mir-92-P1a_pre	100.000	60	0	0	1	60	1	60	1.12e-28	111
N26_23073	Sto-Mir-92-P1b_pre	100.000	23	0	0	38	60	40	62	4.14e-08	43.6
N26_23073	Sto-Mir-92-P1d_pre	95.833	24	1	0	35	58	34	57	5.36e-07	39.9
N26_23073	Sto-Mir-92-P2d_pre	93.750	16	1	0	40	55	40	55	0.015	25.1
N29_28208	Sto-Mir-181-P2a_pre	100.000	60	0	0	1	60	1	60	1.12e-28	111
N29_28208	Sto-Mir-181-P2c_pre	87.500	56	4	3	1	55	1	54	1.14e-13	62.1
N29_28208	Sto-Mir-181-P2b_pre	83.333	60	8	2	1	60	1	58	1.91e-11	54.7
N7_10848	Sto-Mir-96-P3-v1_pre	100.000	62	0	0	1	62	1	62	9.02e-30	115
N7_10848	Sto-Mir-96-P3-v2_pre	100.000	60	0	0	2	61	1	60	1.17e-28	111
N3_4252	Sto-Mir-30-P1b_pre	96.825	63	2	0	1	63	1	63	5.53e-27	106
N3_4252	Sto-Mir-30-P1c_pre	92.593	27	2	0	1	27	1	27	5.69e-07	39.9
N3_4252	Sto-Mir-30-P2c_pre	100.000	12	0	0	1	12	1	12	0.057	23.3
N3_4252	Sto-Mir-30-P2b_pre	100.000	12	0	0	1	12	1	12	0.057	23.3
N3_4252	Sto-Mir-30-P2a_pre	100.000	12	0	0	1	12	1	12	0.057	23.3
N27_26075	Sto-Mir-26-P1_pre	100.000	61	0	0	1	61	1	61	3.18e-29	113
N27_26075	Sto-Mir-26-P2_pre	100.000	24	0	0	1	24	1	24	1.18e-08	45.4
N27_26075	Sto-Mir-26-P3_pre	100.000	24	0	0	1	24	1	24	1.18e-08	45.4
N22_18858	Sto-Mir-26-P2_pre	91.667	60	3	2	1	58	1	60	8.41e-20	82.4
N22_18858	Sto-Mir-26-P1_pre	96.154	26	1	0	1	26	1	26	3.97e-08	43.6
N22_18858	Sto-Mir-26-P3_pre	82.353	51	7	2	1	49	1	51	3.97e-08	43.6
N4_6802	Sto-Mir-30-P1b_pre	86.154	65	6	3	1	64	1	63	2.66e-15	67.6
N4_6802	Sto-Mir-30-P1c_pre	79.365	63	8	4	1	61	1	60	5.81e-07	39.9
N4_6802	Sto-Mir-30-P2c_pre	100.000	12	0	0	1	12	1	12	0.058	23.3
N4_6802	Sto-Mir-30-P2b_pre	100.000	12	0	0	1	12	1	12	0.058	23.3
N4_6802	Sto-Mir-30-P2a_pre	100.000	12	0	0	1	12	1	12	0.058	23.3
N3_4250	Sto-Mir-30-P1d_pre	100.000	64	0	0	1	64	1	64	7.39e-31	119
N7_10300	Sto-Mir-191_pre	98.246	57	0	1	1	56	1	57	7.99e-25	99.0
N23_19540	Sto-Mir-126-v3_pre	100.000	59	0	0	1	59	1	59	3.94e-28	110
N23_19540	Sto-Mir-126-v2_pre	100.000	59	0	0	1	59	1	59	3.94e-28	110
N23_19540	Sto-Mir-126-v1_pre	100.000	59	0	0	1	59	1	59	3.94e-28	110
N8_12894	Sto-Mir-8-P1a_pre	100.000	61	0	0	1	61	1	61	3.18e-29	113
N8_12894	Sto-Mir-8-P3a_pre	94.444	18	1	0	37	54	36	53	0.001	28.8
N8_12894	Sto-Mir-130-P2a_pre	100.000	13	0	0	22	34	46	34	0.015	25.1
N8_12894	Sto-Mir-130-P3b_pre	100.000	11	0	0	22	32	45	35	0.20	21.4
N8_12894	Sto-Mir-130-P3a_pre	100.000	11	0	0	22	32	50	40	0.20	21.4
N8_12894	Sto-Mir-130-P2b_pre	100.000	11	0	0	22	32	44	34	0.20	21.4
N8_12894	Sto-Mir-130-P1b_pre	100.000	11	0	0	22	32	47	37	0.20	21.4
N8_12894	Sto-Mir-128-P1_pre	100.000	11	0	0	40	50	10	20	0.20	21.4
N12_16471	Sto-Let-7-P2a2_pre	100.000	71	0	0	1	71	1	71	1.07e-34	132
N12_16471	Sto-Let-7-P2a1_pre	90.141	71	7	0	1	71	1	71	5.07e-23	93.5
N12_16471	Sto-Let-7-P2a3_pre	89.041	73	4	3	1	71	1	71	2.36e-21	87.9
N12_16471	Sto-Let-7-P1c_pre	81.944	72	8	4	1	72	1	67	6.65e-12	56.5
N12_16471	Sto-Let-7-P2b2_pre	93.103	29	2	0	1	29	1	29	5.18e-08	43.6
N12_16471	Sto-Let-7-P2b2_pre	92.000	25	2	0	45	69	50	74	8.66e-06	36.2
N12_16471	Sto-Let-7-P2b2_pre	95.000	20	1	0	3	22	73	54	1.12e-04	32.5
N12_16471	Sto-Let-7-P1a_pre	100.000	23	0	0	1	23	1	23	5.18e-08	43.6
N12_16471	Sto-Let-7-P1b_pre	100.000	22	0	0	1	22	1	22	1.86e-07	41.7
N12_16471	Sto-Let-7-P2c1_pre	95.238	21	1	0	2	22	2	22	3.12e-05	34.4
N12_16471	Sto-Let-7-P2c1_pre	85.185	27	4	0	45	71	49	75	0.001	28.8
N12_16471	Sto-Let-7-P2c1_pre	100.000	11	0	0	12	22	63	53	0.24	21.4
N12_16471	Sto-Let-7-P2c2_pre	93.750	16	1	0	1	16	1	16	0.019	25.1
N23_18991	Sto-Let-7-P2a3_pre	100.000	71	0	0	1	71	1	71	1.07e-34	132
N23_18991	Sto-Let-7-P2a1_pre	91.549	71	6	0	1	71	1	71	1.09e-24	99.0
N23_18991	Sto-Let-7-P2a2_pre	89.041	73	4	3	1	71	1	71	2.36e-21	87.9
N23_18991	Sto-Let-7-P1c_pre	81.944	72	8	4	1	72	1	67	6.65e-12	56.5
N23_18991	Sto-Let-7-P2b2_pre	93.103	29	2	0	1	29	1	29	5.18e-08	43.6
N23_18991	Sto-Let-7-P2b2_pre	95.000	20	1	0	3	22	73	54	1.12e-04	32.5
N23_18991	Sto-Let-7-P2b2_pre	88.000	25	3	0	45	69	50	74	4.03e-04	30.7
N23_18991	Sto-Let-7-P1a_pre	100.000	23	0	0	1	23	1	23	5.18e-08	43.6
N23_18991	Sto-Let-7-P1b_pre	100.000	22	0	0	1	22	1	22	1.86e-07	41.7
N23_18991	Sto-Let-7-P2c1_pre	95.238	21	1	0	2	22	2	22	3.12e-05	34.4
N23_18991	Sto-Let-7-P2c1_pre	82.759	29	5	0	43	71	47	75	0.005	27.0
N23_18991	Sto-Let-7-P2c1_pre	100.000	11	0	0	12	22	63	53	0.24	21.4
N23_18991	Sto-Let-7-P2c2_pre	93.750	16	1	0	1	16	1	16	0.019	25.1
N7_11118	Sto-Let-7-P2a1_pre	100.000	71	0	0	1	71	1	71	1.07e-34	132
N7_11118	Sto-Let-7-P2a3_pre	91.549	71	6	0	1	71	1	71	1.09e-24	99.0
N7_11118	Sto-Let-7-P2a2_pre	90.141	71	7	0	1	71	1	71	5.07e-23	93.5
N7_11118	Sto-Let-7-P1c_pre	83.333	72	7	4	1	72	1	67	1.43e-13	62.1
N7_11118	Sto-Let-7-P1b_pre	80.556	72	9	3	1	72	1	67	3.09e-10	51.0
N7_11118	Sto-Let-7-P1a_pre	80.556	72	9	4	1	72	1	67	3.09e-10	51.0
N7_11118	Sto-Let-7-P2b2_pre	93.103	29	2	0	1	29	1	29	5.18e-08	43.6
N7_11118	Sto-Let-7-P2b2_pre	92.000	25	2	0	45	69	50	74	8.66e-06	36.2
N7_11118	Sto-Let-7-P2b2_pre	95.000	20	1	0	3	22	73	54	1.12e-04	32.5
N7_11118	Sto-Let-7-P2c1_pre	95.238	21	1	0	2	22	2	22	3.12e-05	34.4
N7_11118	Sto-Let-7-P2c1_pre	86.207	29	4	0	43	71	47	75	1.12e-04	32.5
N7_11118	Sto-Let-7-P2c1_pre	100.000	11	0	0	12	22	63	53	0.24	21.4
N7_11118	Sto-Let-7-P2c2_pre	93.750	16	1	0	1	16	1	16	0.019	25.1
N11_16218	Sto-Let-7-P1a_pre	100.000	67	0	0	1	67	1	67	1.65e-32	124
N11_16218	Sto-Let-7-P1c_pre	92.537	67	5	0	1	67	1	67	3.59e-24	97.1
N11_16218	Sto-Let-7-P1b_pre	85.075	67	10	0	1	67	1	67	7.83e-16	69.4
N11_16218	Sto-Let-7-P2a1_pre	80.282	71	9	4	1	66	1	71	1.02e-09	49.1
N11_16218	Sto-Let-7-P2a3_pre	100.000	23	0	0	1	23	1	23	4.75e-08	43.6
N11_16218	Sto-Let-7-P2a2_pre	100.000	23	0	0	1	23	1	23	4.75e-08	43.6
N11_16218	Sto-Let-7-P2b2_pre	95.652	23	1	0	1	23	1	23	2.21e-06	38.1
N11_16218	Sto-Let-7-P2b2_pre	95.000	20	1	0	3	22	73	54	1.03e-04	32.5
N11_16218	Sto-Let-7-P2c1_pre	95.238	21	1	0	2	22	2	22	2.86e-05	34.4
N11_16218	Sto-Let-7-P2c1_pre	100.000	11	0	0	12	22	63	53	0.22	21.4
N11_16218	Sto-Let-7-P2c3_pre	100.000	16	0	0	38	53	51	66	3.70e-04	30.7
N11_16218	Sto-Let-7-P2c2_pre	93.750	16	1	0	1	16	1	16	0.017	25.1
N11_16218	Sto-Let-7-P2c2_pre	100.000	11	0	0	38	48	50	60	0.22	21.4
N7_10852	Sto-Mir-96-P2_pre	100.000	65	0	0	1	65	1	65	2.05e-31	121
N30_29667	Sto-Let-7-P1c_pre	98.507	67	1	0	1	67	1	67	7.67e-31	119
N30_29667	Sto-Let-7-P1a_pre	94.030	67	4	0	1	67	1	67	7.72e-26	102
N30_29667	Sto-Let-7-P1b_pre	88.060	67	8	0	1	67	1	67	3.62e-19	80.5
N30_29667	Sto-Let-7-P2a1_pre	81.690	71	8	3	1	66	1	71	2.19e-11	54.7
N30_29667	Sto-Let-7-P2a3_pre	80.282	71	9	4	1	66	1	71	1.02e-09	49.1
N30_29667	Sto-Let-7-P2a2_pre	80.282	71	9	3	1	66	1	71	1.02e-09	49.1
N30_29667	Sto-Let-7-P2b2_pre	95.652	23	1	0	1	23	1	23	2.21e-06	38.1
N30_29667	Sto-Let-7-P2b2_pre	95.000	20	1	0	3	22	73	54	1.03e-04	32.5
N30_29667	Sto-Let-7-P2c1_pre	95.238	21	1	0	2	22	2	22	2.86e-05	34.4
N30_29667	Sto-Let-7-P2c1_pre	100.000	11	0	0	12	22	63	53	0.22	21.4
N30_29667	Sto-Let-7-P2c2_pre	93.750	16	1	0	1	16	1	16	0.017	25.1
N30_29667	Sto-Let-7-P2c3_pre	93.750	16	1	0	38	53	51	66	0.017	25.1
N30_29666	Sto-Mir-10-P2c_pre	100.000	59	0	0	1	59	1	59	3.94e-28	110
N30_29666	Sto-Mir-10-P2a_pre	95.455	22	1	0	1	22	1	22	6.79e-06	36.2
N30_29666	Sto-Mir-10-P2b_pre	91.667	24	2	0	1	24	1	24	2.44e-05	34.4
N25_22094	Sto-Mir-27-P2_pre	100.000	64	0	0	1	64	1	64	7.25e-31	119
N25_22094	Sto-Mir-27-o1_pre	100.000	20	0	0	41	60	44	63	2.09e-06	38.1
N25_22094	Sto-Mir-27-P1_pre	100.000	20	0	0	41	60	43	62	2.09e-06	38.1
N25_22094	Sto-Mir-34-P2b_pre	94.118	17	1	0	7	23	12	28	0.005	27.0
N25_22094	Sto-Mir-96-P1_pre	100.000	12	0	0	30	41	14	25	0.058	23.3
N25_22094	Sto-Mir-34-P2a_pre	100.000	11	0	0	7	17	12	22	0.21	21.4
N29_29261	Sto-Mir-218-P2_pre	100.000	64	0	0	1	64	1	64	7.25e-31	119
N29_29261	Sto-Mir-218-P1_pre	90.625	64	6	0	1	64	1	64	7.35e-21	86.1
N5_8122	Sto-Mir-92-P2d_pre	100.000	60	0	0	1	60	1	60	1.12e-28	111
N5_8122	Sto-Mir-92-P1d_pre	93.750	16	1	0	40	55	39	54	0.015	25.1
N5_8122	Sto-Mir-92-P1b_pre	89.474	19	2	0	37	55	39	57	0.015	25.1
N5_8122	Sto-Mir-92-P1a_pre	93.750	16	1	0	40	55	40	55	0.015	25.1
N5_8122	Sto-Mir-221-P1_pre	100.000	11	0	0	20	30	53	63	0.19	21.4
N29_29372	Sto-Mir-145_pre	100.000	60	0	0	1	60	1	60	1.12e-28	111
N29_29372	Sto-Mir-145_pre	78.571	56	6	5	4	56	56	4	8.97e-05	32.5
N29_29372	Sto-Mir-184_pre	100.000	11	0	0	29	39	49	59	0.19	21.4
N29_29372	Sto-Mir-23-o2_pre	100.000	11	0	0	38	48	1	11	0.19	21.4
N29_29372	Sto-Mir-23-o2_pre	100.000	11	0	0	12	22	11	1	0.19	21.4
N3_5376	Sto-Mir-133-P4-v2_pre	100.000	58	0	0	2	59	1	58	1.45e-27	108
N3_5376	Sto-Mir-133-P4-v1_pre	100.000	58	0	0	2	59	1	58	1.45e-27	108
N3_5376	Sto-Mir-133-P2-v2_pre	88.136	59	7	0	1	59	1	59	1.90e-16	71.3
N3_5376	Sto-Mir-133-P2-v1_pre	88.136	59	7	0	1	59	1	59	1.90e-16	71.3
N3_5376	Sto-Mir-133-P1-v2_pre	86.441	59	8	0	1	59	1	59	8.84e-15	65.8
N3_5376	Sto-Mir-133-P1-v1_pre	86.441	59	8	0	1	59	1	59	8.84e-15	65.8
N30_29819	Sto-Mir-221-P2_pre	100.000	61	0	0	1	61	1	61	3.18e-29	113
N30_29819	Sto-Mir-221-P3_pre	79.688	64	10	3	1	61	1	64	4.23e-08	43.6
N6_10165	Sto-Mir-205-P1_pre	98.305	59	1	0	1	59	1	59	1.83e-26	104
N6_10165	Sto-Mir-205-P3_pre	100.000	23	0	0	1	23	1	23	4.06e-08	43.6
N6_10165	Sto-Mir-205-P2_pre	91.304	23	2	0	2	24	2	24	8.78e-05	32.5
N6_10165	Sto-Mir-30-P2c_pre	100.000	11	0	0	20	30	21	31	0.19	21.4
N1_1166	Sto-Mir-103-P2_pre	100.000	60	0	0	1	60	1	60	1.12e-28	111
N1_1166	Sto-Mir-103-P3_pre	94.828	58	3	0	1	58	1	58	1.46e-22	91.6
N1_1166	Sto-Mir-103-P1_pre	91.525	59	5	0	2	60	2	60	8.78e-20	82.4
N11_16215	Sto-Mir-10-P3a_pre	98.387	62	1	0	1	62	1	62	4.19e-28	110
N11_16215	Sto-Mir-10-P3c_pre	80.952	63	7	5	1	59	1	62	1.20e-08	45.4
N11_16215	Sto-Mir-10-P3c_pre	94.118	17	1	0	7	23	57	41	0.004	27.0
N11_16215	Sto-Mir-10-P3b_pre	95.455	22	1	0	1	22	1	22	7.22e-06	36.2
N5_8114	Sto-Mir-34-P3c_pre	100.000	11	0	0	38	48	49	59	0.21	21.4
N5_8114	Sto-Mir-34-P2a_pre	100.000	11	0	0	47	57	43	53	0.21	21.4
N29_29098	Sto-Mir-214-v2_pre	100.000	63	0	0	1	63	1	63	2.56e-30	117
N29_29098	Sto-Mir-214-v1_pre	100.000	63	0	0	1	63	1	63	2.56e-30	117
N11_15765	Sto-Mir-196-P1_pre	100.000	58	0	0	1	58	1	58	1.39e-27	108
N11_15765	Sto-Mir-196-P3_pre	100.000	22	0	0	1	22	1	22	1.43e-07	41.7
N11_15765	Sto-Mir-130-P3b_pre	100.000	11	0	0	8	18	6	16	0.19	21.4
N26_23064	Sto-Mir-17-P1a_pre	100.000	58	0	0	1	58	1	58	1.39e-27	108
N26_23064	Sto-Mir-17-P3a_pre	85.714	42	4	1	2	41	2	43	3.97e-08	43.6
N26_23064	Sto-Mir-17-P3d_pre	96.000	25	1	0	1	25	1	25	1.43e-07	41.7
N26_23064	Sto-Mir-17-P3d_pre	90.476	21	2	0	33	53	35	55	0.001	28.8
N26_23064	Sto-Mir-17-P3d_pre	90.476	21	1	1	3	23	55	36	0.004	27.0
N26_23064	Sto-Mir-17-P3c_pre	95.833	24	1	0	2	25	2	25	5.14e-07	39.9
N26_23064	Sto-Mir-17-P1d_pre	83.721	43	5	2	2	42	2	44	5.14e-07	39.9
N27_23961	Sto-Mir-203-v2_pre	88.333	60	7	0	1	60	1	60	5.28e-17	73.1
N27_23961	Sto-Mir-203-v1_pre	88.333	60	7	0	1	60	1	60	5.28e-17	73.1
N28_27259	Sto-Mir-196-P3_pre	100.000	58	0	0	1	58	1	58	1.39e-27	108
N28_27259	Sto-Mir-196-P1_pre	100.000	22	0	0	1	22	1	22	1.43e-07	41.7
N28_27259	Sto-Mir-130-P3b_pre	100.000	11	0	0	8	18	6	16	0.19	21.4
N30_29670	Sto-Mir-10-P3c_pre	98.462	65	1	0	1	65	1	65	9.56e-30	115
N30_29670	Sto-Mir-10-P3c_pre	93.750	16	1	0	42	57	22	7	0.017	25.1
N30_29670	Sto-Mir-10-P3c_pre	93.750	16	1	0	7	22	57	42	0.017	25.1
N30_29670	Sto-Mir-10-P3a_pre	100.000	22	0	0	1	22	1	22	1.65e-07	41.7
N30_29670	Sto-Mir-10-P3a_pre	94.118	17	1	0	41	57	23	7	0.005	27.0
N30_29670	Sto-Mir-10-P3b_pre	95.455	22	1	0	1	22	1	22	7.65e-06	36.2
N9_14164	Sto-Mir-130-P4a_pre	100.000	64	0	0	1	64	1	64	7.25e-31	119
N9_14164	Sto-Mir-130-P4b_pre	84.848	66	8	1	1	64	1	66	9.58e-15	65.8
N9_14164	Sto-Mir-130-P4o1_pre	81.538	65	11	1	1	64	1	65	7.46e-11	52.8
N9_14164	Sto-Mir-130-P2b_pre	100.000	13	0	0	39	51	20	8	0.016	25.1
N9_14164	Sto-Mir-130-P1b_pre	93.750	16	1	0	38	53	36	51	0.016	25.1
N9_14164	Sto-Mir-130-P2a_pre	100.000	12	0	0	39	50	22	11	0.058	23.3
N9_14164	Sto-Mir-92-P1c_pre	100.000	12	0	0	42	53	50	39	0.058	23.3
N9_14164	Sto-Mir-130-P3b_pre	92.857	14	1	0	39	52	35	48	0.21	21.4
N9_14164	Sto-Mir-130-P3a_pre	92.857	14	1	0	39	52	40	53	0.21	21.4
N25_21225	Sto-Mir-101-P2-v2_pre	100.000	57	0	0	1	57	2	58	4.88e-27	106
N25_21225	Sto-Mir-101-P2-v2_pre	93.750	16	1	0	41	56	16	1	0.014	25.1
N25_21225	Sto-Mir-101-P2-v1_pre	100.000	57	0	0	1	57	1	57	4.88e-27	106
N25_21225	Sto-Mir-101-P1-v2_pre	84.211	57	9	0	1	57	2	58	4.99e-12	56.5
N25_21225	Sto-Mir-101-P1-v2_pre	94.444	18	1	0	39	56	18	1	0.001	28.8
N25_21225	Sto-Mir-101-P1-v1_pre	84.211	57	9	0	1	57	1	57	4.99e-12	56.5
N25_21225	Sto-Mir-101-P1-v1_pre	94.118	17	1	0	39	55	17	1	0.004	27.0
N26_23071	Sto-Mir-19-P2a_pre	100.000	59	0	0	1	59	3	61	3.94e-28	110
N26_23071	Sto-Mir-19-P2b_pre	86.667	60	6	2	1	59	3	61	8.66e-15	65.8
N26_23071	Sto-Mir-19-P2d_pre	81.667	60	10	1	1	59	3	62	8.72e-10	49.1
N26_23071	Sto-Mir-19-P1_pre	95.455	22	1	0	38	59	36	57	6.79e-06	36.2
N26_23071	Sto-Mir-19-P1_pre	90.000	20	0	2	39	58	18	1	0.015	25.1
N30_29821	Sto-Mir-221-P1_pre	100.000	63	0	0	1	63	1	63	2.61e-30	117
N30_29821	Sto-Mir-92-P2d_pre	100.000	11	0	0	53	63	20	30	0.21	21.4
N8_12892	Sto-Mir-8-P3a_pre	100.000	59	0	0	1	59	1	59	3.94e-28	110
N8_12892	Sto-Mir-8-P1a_pre	94.444	18	1	0	36	53	37	54	0.001	28.8
N5_8112	Sto-Mir-17-P3d_pre	100.000	58	0	0	1	58	1	58	1.39e-27	108
N5_8112	Sto-Mir-17-P3c_pre	100.000	25	0	0	2	26	2	26	3.07e-09	47.3
N5_8112	Sto-Mir-17-P3a_pre	81.481	54	10	0	2	55	2	55	1.10e-08	45.4
N5_8112	Sto-Mir-17-P1a_pre	96.000	25	1	0	1	25	1	25	1.43e-07	41.7
N5_8112	Sto-Mir-17-P1a_pre	90.476	21	2	0	35	55	33	53	0.001	28.8
N5_8112	Sto-Mir-17-P1a_pre	90.476	21	1	1	36	55	23	3	0.004	27.0
N5_8112	Sto-Mir-17-P1d_pre	87.500	24	3	0	2	25	2	25	0.001	28.8
N24_20852	Sto-Mir-128-P2_pre	96.552	58	2	0	1	58	1	58	3.00e-24	97.1
N24_20852	Sto-Mir-128-P3_pre	89.286	56	6	0	1	56	1	56	1.82e-16	71.3
N24_20852	Sto-Mir-128-P1_pre	87.719	57	5	2	2	58	2	56	8.47e-15	65.8
N27_24777	Sto-Mir-128-P1_pre	100.000	56	0	0	1	56	1	56	1.72e-26	104
N27_24777	Sto-Mir-128-P2_pre	84.211	57	7	2	2	56	2	58	1.75e-11	54.7
N27_24777	Sto-Mir-128-P3_pre	100.000	21	0	0	34	54	36	56	4.91e-07	39.9
N27_24777	Sto-Mir-8-P1a_pre	100.000	11	0	0	10	20	40	50	0.18	21.4
N25_21785	Sto-Mir-204-P1_pre	100.000	59	0	0	1	59	1	59	3.94e-28	110
N25_21785	Sto-Mir-204-P2_pre	94.118	34	1	1	1	34	1	33	2.42e-10	51.0
N25_21785	Sto-Mir-204-P3_pre	86.667	45	3	3	1	45	1	42	3.14e-09	47.3
N29_27969	Sto-Mir-27-P1_pre	100.000	64	0	0	1	64	1	64	7.25e-31	119
N29_27969	Sto-Mir-27-o1_pre	95.652	23	1	0	40	62	41	63	2.09e-06	38.1
N29_27969	Sto-Mir-27-P2_pre	100.000	20	0	0	43	62	41	60	2.09e-06	38.1
N29_27969	Sto-Novel-4_pre	100.000	12	0	0	15	26	46	35	0.058	23.3
N26_23067	Sto-Mir-19-P1_pre	100.000	58	0	0	1	58	1	58	1.39e-27	108
N26_23067	Sto-Mir-19-P2b_pre	95.652	23	1	0	36	58	40	62	1.85e-06	38.1
N26_23067	Sto-Mir-19-P2b_pre	90.000	20	0	2	1	18	60	41	0.014	25.1
N26_23067	Sto-Mir-19-P2a_pre	95.652	23	1	0	36	58	40	62	1.85e-06	38.1
N26_23067	Sto-Mir-19-P2a_pre	90.000	20	0	2	1	18	60	41	0.014	25.1
N30_30366	Sto-Mir-499_pre	98.276	58	1	0	1	58	1	58	6.46e-26	102
N30_30366	Sto-Mir-27-P2_pre	93.750	16	1	0	20	35	7	22	0.014	25.1
N30_30366	Sto-Mir-34-P2b_pre	85.714	21	2	1	10	30	3	22	0.19	21.4
N30_30366	Sto-Mir-34-P2a_pre	85.714	21	2	1	10	30	3	22	0.19	21.4
N30_29958	Sto-Mir-15-P2a_pre	98.462	65	1	0	1	65	1	65	9.56e-30	115
N30_29958	Sto-Mir-15-P2b_pre	100.000	20	0	0	1	20	1	20	2.13e-06	38.1
N30_29958	Sto-Mir-15-P2b_pre	91.667	24	2	0	40	63	32	55	2.75e-05	34.4
N25_22092	Sto-Mir-24-P2_pre	98.305	59	1	0	1	59	2	60	1.83e-26	104
N25_22092	Sto-Mir-24-o1_pre	87.931	58	5	2	1	57	2	58	2.41e-15	67.6
N25_22092	Sto-Mir-24-o1_pre	100.000	13	0	0	11	23	23	11	0.015	25.1
N25_22092	Sto-Mir-24-o2_pre	81.667	60	10	1	1	59	2	61	8.72e-10	49.1
N25_22092	Sto-Mir-24-P1_pre	81.967	61	7	2	1	59	1	59	8.72e-10	49.1
N25_22096	Sto-Mir-23-P2_pre	98.305	59	1	0	1	59	1	59	1.83e-26	104
N25_22096	Sto-Mir-23-P1_pre	85.000	60	7	2	1	59	1	59	4.03e-13	60.2
N25_22096	Sto-Mir-23-o1_pre	83.077	65	5	4	1	59	1	65	1.87e-11	54.7
N25_22096	Sto-Mir-23-o2_pre	100.000	23	0	0	37	59	37	59	4.06e-08	43.6
N10_15264	Sto-Mir-23-o1_pre	100.000	65	0	0	1	65	1	65	2.05e-31	121
N10_15264	Sto-Mir-23-P1_pre	84.615	65	4	3	1	65	1	59	4.54e-13	60.2
N10_15264	Sto-Mir-23-P2_pre	81.538	65	6	4	1	65	1	59	9.83e-10	49.1
N10_15264	Sto-Mir-23-o2_pre	100.000	23	0	0	43	65	37	59	4.57e-08	43.6
N5_8214	Sto-Mir-15-P2b_pre	98.246	57	1	0	1	57	1	57	2.27e-25	100
N5_8214	Sto-Mir-15-P2c_pre	95.238	21	1	0	1	21	1	21	2.34e-05	34.4
N5_8214	Sto-Mir-15-P2a_pre	91.667	24	2	0	32	55	40	63	2.34e-05	34.4
N5_8214	Sto-Mir-15-P2a_pre	95.000	20	1	0	1	20	1	20	8.41e-05	32.5
N29_27967	Sto-Mir-23-P1_pre	98.305	59	1	0	1	59	1	59	1.83e-26	104
N29_27967	Sto-Mir-23-o1_pre	83.077	65	5	3	1	59	1	65	1.87e-11	54.7
N29_27967	Sto-Mir-23-P2_pre	83.607	61	6	3	1	59	1	59	1.87e-11	54.7
N29_27967	Sto-Mir-23-o2_pre	83.673	49	4	4	15	59	11	59	4.06e-08	43.6
N13_17140	Sto-Mir-23-o2_pre	94.915	59	3	0	1	59	1	59	3.97e-23	93.5
N13_17140	Sto-Mir-23-o1_pre	100.000	23	0	0	37	59	43	65	4.06e-08	43.6
N13_17140	Sto-Mir-23-P2_pre	100.000	23	0	0	37	59	37	59	4.06e-08	43.6
N13_17140	Sto-Mir-23-P1_pre	83.673	49	4	4	11	59	15	59	4.06e-08	43.6
N13_17140	Sto-Mir-23-P1_pre	88.889	18	2	0	7	24	51	34	0.053	23.3
N13_17140	Sto-Mir-145_pre	100.000	11	0	0	1	11	22	12	0.19	21.4
N13_17140	Sto-Mir-145_pre	100.000	11	0	0	1	11	38	48	0.19	21.4
N13_17140	Sto-Mir-17-P1a_pre	100.000	11	0	0	18	28	34	24	0.19	21.4
N18_17948	Sto-Mir-17-P3d_pre	80.702	57	7	3	1	55	1	55	1.40e-07	41.7
N18_17948	Sto-Mir-17-P1a_pre	77.193	57	9	4	1	56	1	54	3.02e-04	30.7
N18_17948	Sto-Mir-17-P2a_pre	100.000	14	0	0	12	25	12	25	0.004	27.0
N9_13425	Sto-Mir-22-P1a_pre	100.000	63	0	0	1	63	1	63	2.56e-30	117
N9_13425	Sto-Mir-22-P1b_pre	80.952	63	9	3	1	63	1	60	3.40e-09	47.3
N7_10850	Sto-Mir-96-P1_pre	100.000	64	0	0	1	64	1	64	7.25e-31	119
N7_10850	Sto-Mir-27-P2_pre	100.000	12	0	0	14	25	30	41	0.058	23.3
N7_10850	Sto-Mir-92-P2b_pre	100.000	11	0	0	37	47	21	31	0.21	21.4
N4_6466	Sto-Mir-124-P2-v2_pre	100.000	56	0	0	1	56	1	56	1.72e-26	104
N4_6466	Sto-Mir-124-P2-v1_pre	100.000	56	0	0	1	56	1	56	1.72e-26	104
N4_6466	Sto-Mir-124-P1-v2_pre	98.214	56	1	0	1	56	1	56	7.99e-25	99.0
N4_6466	Sto-Mir-124-P1-v1_pre	98.214	56	1	0	1	56	1	56	7.99e-25	99.0
N4_6466	Sto-Mir-124-P3-v2_pre	96.491	57	1	1	1	56	1	57	3.72e-23	93.5
N4_6466	Sto-Mir-124-P3-v1_pre	96.491	57	1	1	1	56	1	57	3.72e-23	93.5
N4_6466	Sto-Mir-124-P4-v2_pre	94.643	56	3	0	1	56	1	56	1.73e-21	87.9
N4_6466	Sto-Mir-124-P4-v1_pre	94.643	56	3	0	1	56	1	56	1.73e-21	87.9
N30_30228	Sto-Mir-124-P3-v2_pre	100.000	57	0	0	1	57	1	57	4.88e-27	106
N30_30228	Sto-Mir-124-P3-v1_pre	100.000	57	0	0	1	57	1	57	4.88e-27	106
N30_30228	Sto-Mir-124-P1-v2_pre	98.246	57	0	1	1	57	1	56	8.17e-25	99.0
N30_30228	Sto-Mir-124-P1-v1_pre	98.246	57	0	1	1	57	1	56	8.17e-25	99.0
N30_30228	Sto-Mir-124-P2-v2_pre	96.491	57	1	1	1	57	1	56	3.80e-23	93.5
N30_30228	Sto-Mir-124-P2-v1_pre	96.491	57	1	1	1	57	1	56	3.80e-23	93.5
N30_30228	Sto-Mir-124-P4-v2_pre	91.228	57	4	1	1	57	1	56	3.83e-18	76.8
N30_30228	Sto-Mir-124-P4-v1_pre	91.228	57	4	1	1	57	1	56	3.83e-18	76.8
N1_1875	Sto-Mir-430-o28_pre	100.000	55	0	0	1	55	1	55	6.04e-26	102
N7_11315	Sto-Mir-135-P1_pre	100.000	59	0	0	1	59	1	59	3.94e-28	110
N7_11315	Sto-Mir-135-P2_pre	84.746	59	6	3	1	58	1	57	5.21e-12	56.5
N7_11315	Sto-Mir-135-P3_pre	81.356	59	9	2	1	58	1	58	3.14e-09	47.3
N6_9686	Sto-Mir-135-P3_pre	98.333	60	1	0	1	60	1	60	5.21e-27	106
N6_9686	Sto-Mir-135-P1_pre	83.051	59	8	2	1	58	1	58	6.88e-11	52.8
N6_9686	Sto-Mir-135-P2_pre	100.000	26	0	0	1	26	1	26	8.90e-10	49.1
N6_9167	Sto-Mir-193-P1b_pre	100.000	61	0	0	1	61	1	61	3.18e-29	113
N3_4771	Sto-Mir-456_pre	98.361	61	1	0	1	61	1	61	1.51e-27	108
N9_14165	Sto-Mir-130-P2a_pre	100.000	60	0	0	1	60	1	60	1.12e-28	111
N9_14165	Sto-Mir-130-P2b_pre	88.136	59	5	2	3	60	1	58	6.83e-16	69.4
N9_14165	Sto-Mir-130-P4o1_pre	100.000	14	0	0	12	25	50	37	0.004	27.0
N9_14165	Sto-Mir-8-P1a_pre	100.000	13	0	0	34	46	34	22	0.015	25.1
N9_14165	Sto-Mir-130-P4b_pre	100.000	12	0	0	11	22	52	41	0.054	23.3
N9_14165	Sto-Mir-130-P4a_pre	100.000	12	0	0	11	22	50	39	0.054	23.3
N9_14165	Sto-Mir-130-P3b_pre	100.000	12	0	0	36	47	35	46	0.054	23.3
N9_14165	Sto-Mir-130-P3a_pre	100.000	12	0	0	36	47	40	51	0.054	23.3
N9_14165	Sto-Mir-130-P1b_pre	93.333	15	1	0	33	47	34	48	0.054	23.3
N9_14165	Sto-Mir-210-P2_pre	93.333	15	0	1	15	29	16	29	0.19	21.4
N9_14165	Sto-Mir-34-P3c_pre	92.857	14	1	0	31	44	20	7	0.19	21.4
N1_1373	Sto-Mir-34-P3c_pre	100.000	64	0	0	1	64	1	64	7.25e-31	119
N1_1373	Sto-Mir-34-P3d_pre	91.667	24	2	0	1	24	1	24	2.70e-05	34.4
N1_1373	Sto-Mir-130-P2a_pre	100.000	11	0	0	10	20	41	31	0.21	21.4
N5_8212	Sto-Mir-15-P1b_pre	98.333	60	1	0	1	60	1	60	5.21e-27	106
N5_8212	Sto-Mir-15-P1c_pre	95.238	21	1	0	2	22	2	22	2.49e-05	34.4
N5_8212	Sto-Mir-15-P1a_pre	95.000	20	1	0	1	20	1	20	8.97e-05	32.5
N5_8212	Sto-Mir-24-o1_pre	100.000	13	0	0	29	41	35	23	0.015	25.1
N5_8212	Sto-Mir-15-P2c_pre	100.000	11	0	0	1	11	1	11	0.19	21.4
N10_15260	Sto-Mir-24-o1_pre	96.491	57	2	0	1	57	2	58	1.06e-23	95.3
N10_15260	Sto-Mir-24-o1_pre	100.000	12	0	0	11	22	23	12	0.051	23.3
N10_15260	Sto-Mir-24-P2_pre	86.207	58	6	2	1	57	2	58	1.07e-13	62.1
N10_15260	Sto-Mir-24-P1_pre	83.051	59	6	3	1	57	1	57	2.32e-10	51.0
N10_15260	Sto-Mir-24-o2_pre	81.356	59	8	3	1	57	2	59	1.08e-08	45.4
N10_15260	Sto-Mir-181-P2b_pre	100.000	13	0	0	17	29	47	35	0.014	25.1
N7_11621	Sto-Mir-129-P1_pre	100.000	66	0	0	1	66	1	66	5.82e-32	122
N7_11621	Sto-Mir-129-P2_pre	79.688	64	8	4	1	63	1	60	1.68e-07	41.7
N2_2782	Sto-Mir-129-P1_pre	80.952	63	11	1	1	62	1	63	9.83e-10	49.1
N2_2782	Sto-Mir-129-P2_pre	95.833	24	1	0	1	24	1	24	5.92e-07	39.9
N2_2782	Sto-Mir-129-P2_pre	95.000	20	1	0	44	63	42	61	9.90e-05	32.5
N3_5843	Sto-Mir-192-P2_pre	100.000	62	0	0	1	62	1	62	9.02e-30	115
N3_3915	Sto-Mir-22-P1b_pre	96.667	60	2	0	1	60	1	60	2.42e-25	100
N3_3915	Sto-Mir-22-P1a_pre	80.952	63	9	3	1	60	1	63	3.20e-09	47.3
N3_3915	Sto-Mir-130-P2b_pre	100.000	11	0	0	22	32	15	25	0.19	21.4
N9_14168	Sto-Mir-130-P3a_pre	98.387	62	1	0	1	62	1	62	4.19e-28	110
N9_14168	Sto-Mir-130-P3b_pre	82.258	62	6	2	1	62	1	57	9.27e-10	49.1
N9_14168	Sto-Mir-130-P1b_pre	91.304	23	2	0	40	62	37	59	9.34e-05	32.5
N9_14168	Sto-Mir-130-P2b_pre	100.000	13	0	0	39	51	33	45	0.016	25.1
N9_14168	Sto-Mir-130-P2a_pre	100.000	12	0	0	40	51	36	47	0.056	23.3
N9_14168	Sto-Novel-3_pre	100.000	11	0	0	47	57	25	15	0.20	21.4
N9_14168	Sto-Mir-208-P2_pre	100.000	11	0	0	47	57	25	15	0.20	21.4
N9_14168	Sto-Mir-130-P4a_pre	92.857	14	1	0	40	53	39	52	0.20	21.4
N9_14168	Sto-Mir-92-P1c_pre	100.000	11	0	0	43	53	50	40	0.20	21.4
N10_15262	Sto-Mir-27-o1_pre	100.000	65	0	0	1	65	2	66	2.05e-31	121
N10_15262	Sto-Mir-27-P2_pre	100.000	20	0	0	43	62	41	60	2.13e-06	38.1
N10_15262	Sto-Mir-27-P1_pre	95.652	23	1	0	40	62	40	62	2.13e-06	38.1
N24_20252	Sto-Mir-138-P1_pre	100.000	61	0	0	1	61	1	61	3.18e-29	113
N24_20252	Sto-Mir-138-P1_pre	75.862	58	10	4	3	58	58	3	0.004	27.0
N24_20252	Sto-Mir-138-P2_pre	80.882	68	6	4	1	61	1	68	3.27e-09	47.3
N24_20252	Sto-Mir-138-P2_pre	100.000	13	0	0	46	58	15	3	0.015	25.1
N24_20252	Sto-Mir-138-P2_pre	100.000	13	0	0	3	15	65	53	0.015	25.1
N3_3903	Sto-Mir-130-P1b_pre	96.667	60	2	0	1	60	1	60	2.42e-25	100
N3_3903	Sto-Mir-130-P3b_pre	91.304	23	2	0	37	59	35	57	8.97e-05	32.5
N3_3903	Sto-Mir-130-P3a_pre	91.304	23	2	0	37	59	40	62	8.97e-05	32.5
N3_3903	Sto-Mir-130-P2a_pre	100.000	16	0	0	33	48	32	47	3.22e-04	30.7
N3_3903	Sto-Mir-8-P1a_pre	100.000	13	0	0	35	47	34	22	0.015	25.1
N3_3903	Sto-Mir-130-P4a_pre	93.333	15	1	0	37	51	39	53	0.054	23.3
N3_3903	Sto-Mir-130-P2b_pre	100.000	12	0	0	37	48	34	45	0.054	23.3
N3_3903	Sto-Mir-92-P1c_pre	93.333	15	1	0	40	54	50	36	0.054	23.3
N21_18752	Sto-Mir-129-P2_pre	96.923	65	0	1	1	65	1	63	1.60e-27	108
N21_18752	Sto-Mir-129-P1_pre	95.833	24	1	0	1	24	1	24	5.92e-07	39.9
N21_18752	Sto-Mir-129-P1_pre	90.909	22	2	0	41	62	42	63	3.56e-04	30.7
N21_18752	Sto-Mir-139_pre	93.333	15	0	1	22	36	12	25	0.21	21.4
N3_3907	Sto-Mir-130-P3b_pre	100.000	55	0	0	1	55	3	57	6.04e-26	102
N3_3907	Sto-Mir-130-P3a_pre	81.667	60	6	3	1	55	3	62	1.03e-08	45.4
N3_3907	Sto-Mir-130-P2b_pre	100.000	17	0	0	28	44	29	45	8.03e-05	32.5
N3_3907	Sto-Mir-130-P1b_pre	91.304	23	2	0	33	55	37	59	8.03e-05	32.5
N3_3907	Sto-Mir-130-P2a_pre	100.000	12	0	0	33	44	36	47	0.048	23.3
N3_3907	Sto-Novel-3_pre	100.000	11	0	0	40	50	25	15	0.17	21.4
N3_3907	Sto-Mir-208-P2_pre	100.000	11	0	0	40	50	25	15	0.17	21.4
N3_3907	Sto-Mir-196-P3_pre	100.000	11	0	0	4	14	8	18	0.17	21.4
N3_3907	Sto-Mir-196-P1_pre	100.000	11	0	0	4	14	8	18	0.17	21.4
N3_3907	Sto-Mir-130-P4a_pre	92.857	14	1	0	33	46	39	52	0.17	21.4
N3_3907	Sto-Mir-92-P1c_pre	100.000	11	0	0	36	46	50	40	0.17	21.4
N3_3907	Sto-Mir-8-P1a_pre	100.000	11	0	0	33	43	32	22	0.17	21.4
N3_3897	Sto-Mir-130-P3b_pre	100.000	55	0	0	1	55	3	57	6.04e-26	102
N3_3897	Sto-Mir-130-P3a_pre	81.667	60	6	3	1	55	3	62	1.03e-08	45.4
N3_3897	Sto-Mir-130-P2b_pre	100.000	17	0	0	28	44	29	45	8.03e-05	32.5
N3_3897	Sto-Mir-130-P1b_pre	91.304	23	2	0	33	55	37	59	8.03e-05	32.5
N3_3897	Sto-Mir-130-P2a_pre	100.000	12	0	0	33	44	36	47	0.048	23.3
N3_3897	Sto-Novel-3_pre	100.000	11	0	0	40	50	25	15	0.17	21.4
N3_3897	Sto-Mir-208-P2_pre	100.000	11	0	0	40	50	25	15	0.17	21.4
N3_3897	Sto-Mir-196-P3_pre	100.000	11	0	0	4	14	8	18	0.17	21.4
N3_3897	Sto-Mir-196-P1_pre	100.000	11	0	0	4	14	8	18	0.17	21.4
N3_3897	Sto-Mir-130-P4a_pre	92.857	14	1	0	33	46	39	52	0.17	21.4
N3_3897	Sto-Mir-92-P1c_pre	100.000	11	0	0	36	46	50	40	0.17	21.4
N3_3897	Sto-Mir-8-P1a_pre	100.000	11	0	0	33	43	32	22	0.17	21.4
N6_9821	Sto-Mir-338-P2_pre	100.000	60	0	0	1	60	1	60	1.12e-28	111
N6_9821	Sto-Mir-338-P1_pre	82.258	62	7	3	1	60	1	60	2.48e-10	51.0
N6_9821	Sto-Mir-7-P3_pre	100.000	13	0	0	47	59	10	22	0.015	25.1
N6_9821	Sto-Mir-7-P2_pre	100.000	13	0	0	47	59	10	22	0.015	25.1
N6_9821	Sto-Mir-7-P1_pre	100.000	13	0	0	47	59	10	22	0.015	25.1
N7_11113	Sto-Let-7-P2c1_pre	100.000	75	0	0	1	75	1	75	6.85e-37	139
N7_11113	Sto-Let-7-P2b2_pre	79.452	73	14	1	2	73	2	74	3.30e-10	51.0
N7_11113	Sto-Let-7-P1b_pre	92.308	26	1	1	2	26	2	27	9.24e-06	36.2
N7_11113	Sto-Let-7-P1b_pre	85.000	20	3	0	53	72	22	3	0.26	21.4
N7_11113	Sto-Let-7-P2a3_pre	95.238	21	1	0	2	22	2	22	3.32e-05	34.4
N7_11113	Sto-Let-7-P2a3_pre	82.759	29	5	0	47	75	43	71	0.006	27.0
N7_11113	Sto-Let-7-P2a3_pre	85.000	20	3	0	53	72	22	3	0.26	21.4
N7_11113	Sto-Let-7-P2a2_pre	95.238	21	1	0	2	22	2	22	3.32e-05	34.4
N7_11113	Sto-Let-7-P2a2_pre	85.185	27	4	0	49	75	45	71	0.002	28.8
N7_11113	Sto-Let-7-P2a2_pre	85.000	20	3	0	53	72	22	3	0.26	21.4
N7_11113	Sto-Let-7-P2a1_pre	95.238	21	1	0	2	22	2	22	3.32e-05	34.4
N7_11113	Sto-Let-7-P2a1_pre	86.207	29	4	0	47	75	43	71	1.20e-04	32.5
N7_11113	Sto-Let-7-P2a1_pre	85.000	20	3	0	53	72	22	3	0.26	21.4
N7_11113	Sto-Let-7-P1c_pre	95.238	21	1	0	2	22	2	22	3.32e-05	34.4
N7_11113	Sto-Let-7-P1c_pre	93.750	16	1	0	47	62	38	53	0.020	25.1
N7_11113	Sto-Let-7-P1c_pre	85.000	20	3	0	53	72	22	3	0.26	21.4
N7_11113	Sto-Let-7-P1a_pre	95.238	21	1	0	2	22	2	22	3.32e-05	34.4
N7_11113	Sto-Let-7-P1a_pre	85.000	20	3	0	53	72	22	3	0.26	21.4
N9_13548	Sto-Mir-144_pre	100.000	58	0	0	1	58	1	58	1.39e-27	108
N29_28784	Sto-Mir-137-P1_pre	100.000	59	0	0	1	59	1	59	4.03e-28	110
N8_11951	Sto-Mir-103-P3_pre	100.000	60	0	0	1	60	1	60	1.12e-28	111
N8_11951	Sto-Mir-103-P2_pre	94.828	58	3	0	1	58	1	58	1.46e-22	91.6
N8_11951	Sto-Mir-103-P1_pre	91.228	57	5	0	2	58	2	58	1.14e-18	78.7
N1_1880	Sto-Mir-430-o28_pre	83.607	61	4	3	1	61	1	55	7.03e-11	52.8
N1_1880	Sto-Mir-430-o29_pre	100.000	15	0	0	6	20	53	39	0.001	28.8
N8_12521	Sto-Mir-202_pre	100.000	58	0	0	1	58	1	58	1.39e-27	108
N30_30220	Sto-Mir-1388_pre	100.000	60	0	0	1	60	1	60	1.12e-28	111
N1_272	Sto-Mir-190-P1_pre	87.719	57	5	2	1	57	1	55	8.84e-15	65.8
N1_272	Sto-Mir-190-P1_pre	77.586	58	3	8	3	56	54	3	0.004	27.0
N1_272	Sto-Mir-190-P2_pre	76.271	59	10	2	1	57	1	57	0.001	28.8
N1_272	Sto-Mir-190-P2_pre	100.000	11	0	0	46	56	13	3	0.19	21.4
N9_13567	Sto-Mir-132-P1_pre	100.000	60	0	0	1	60	1	60	1.12e-28	111
N3_4542	Sto-Mir-216-P1a_pre	100.000	62	0	0	1	62	1	62	9.02e-30	115
N3_4542	Sto-Mir-216-P1b_pre	86.207	29	3	1	1	28	1	29	3.36e-04	30.7
N30_29956	Sto-Mir-15-P1a_pre	98.305	59	1	0	2	60	1	59	1.87e-26	104
N30_29956	Sto-Mir-15-P1b_pre	95.000	20	1	0	2	21	1	20	8.97e-05	32.5
N30_29956	Sto-Mir-15-P2c_pre	100.000	13	0	0	2	14	1	13	0.015	25.1
N30_29956	Sto-Mir-210-P1_pre	100.000	11	0	0	44	54	16	26	0.19	21.4
N21_18697	Sto-Mir-33-P1_pre	100.000	60	0	0	1	60	1	60	1.12e-28	111
N21_18697	Sto-Mir-33-P2_pre	100.000	25	0	0	1	25	1	25	3.20e-09	47.3
N31_31936	Sto-Mir-221-P3_pre	100.000	64	0	0	1	64	1	64	7.25e-31	119
N31_31936	Sto-Mir-221-P2_pre	79.688	64	10	3	1	64	1	61	4.49e-08	43.6
N31_31936	Sto-Mir-92-P1b_pre	100.000	11	0	0	53	63	19	29	0.21	21.4
N1_2021	Sto-Mir-193-P2b_pre	95.238	21	1	0	32	52	38	58	2.23e-05	34.4
N1_2021	Sto-Mir-1788_pre	100.000	12	0	0	6	17	31	42	0.048	23.3
N7_10879	Sto-Mir-29-P2a_pre	98.333	60	1	0	1	60	1	60	5.21e-27	106
N7_10879	Sto-Mir-29-P2b_pre	83.607	61	9	1	1	60	2	62	5.32e-12	56.5
N7_10879	Sto-Mir-29-P1b_pre	100.000	19	0	0	39	57	37	55	6.93e-06	36.2
N7_10879	Sto-Mir-29-P1a_pre	100.000	19	0	0	39	57	37	55	6.93e-06	36.2
N29_28246	Sto-Mir-214-v2_pre	100.000	59	0	0	1	59	59	1	3.94e-28	110
N29_28246	Sto-Mir-214-v1_pre	100.000	59	0	0	1	59	59	1	3.94e-28	110
N9_13803	Sto-Mir-10-P3b_pre	100.000	58	0	0	1	58	1	58	1.39e-27	108
N9_13803	Sto-Mir-10-P3c_pre	95.455	22	1	0	1	22	1	22	6.64e-06	36.2
N9_13803	Sto-Mir-10-P3a_pre	95.455	22	1	0	1	22	1	22	6.64e-06	36.2
N9_13803	Sto-Mir-210-P1_pre	100.000	11	0	0	36	46	15	5	0.19	21.4
N9_13805	Sto-Mir-10-P3b_pre	100.000	58	0	0	1	58	1	58	1.39e-27	108
N9_13805	Sto-Mir-10-P3c_pre	95.455	22	1	0	1	22	1	22	6.64e-06	36.2
N9_13805	Sto-Mir-10-P3a_pre	95.455	22	1	0	1	22	1	22	6.64e-06	36.2
N9_13805	Sto-Mir-210-P1_pre	100.000	11	0	0	36	46	15	5	0.19	21.4
N21_18640	Sto-Mir-150_pre	95.000	60	3	0	1	60	1	60	1.13e-23	95.3
N28_27459	Sto-Mir-32_pre	100.000	62	0	0	1	62	1	62	9.02e-30	115
N29_28125	Sto-Mir-101-P1-v2_pre	100.000	57	0	0	1	57	2	58	4.88e-27	106
N29_28125	Sto-Mir-101-P1-v2_pre	94.444	18	1	0	39	56	18	1	0.001	28.8
N29_28125	Sto-Mir-101-P1-v2_pre	94.118	17	1	0	1	17	56	40	0.004	27.0
N29_28125	Sto-Mir-101-P1-v1_pre	100.000	57	0	0	1	57	1	57	4.88e-27	106
N29_28125	Sto-Mir-101-P1-v1_pre	94.118	17	1	0	39	55	17	1	0.004	27.0
N29_28125	Sto-Mir-101-P1-v1_pre	94.118	17	1	0	1	17	55	39	0.004	27.0
N29_28125	Sto-Mir-101-P2-v2_pre	84.211	57	9	0	1	57	2	58	4.99e-12	56.5
N29_28125	Sto-Mir-101-P2-v2_pre	94.118	17	1	0	1	17	56	40	0.004	27.0
N29_28125	Sto-Mir-101-P2-v2_pre	93.750	16	1	0	41	56	16	1	0.014	25.1
N29_28125	Sto-Mir-101-P2-v1_pre	84.211	57	9	0	1	57	1	57	4.99e-12	56.5
N29_28125	Sto-Mir-101-P2-v1_pre	94.118	17	1	0	1	17	55	39	0.004	27.0
N29_28125	Sto-Mir-19-P2b_pre	100.000	13	0	0	12	24	30	42	0.014	25.1
N5_8117	Sto-Mir-19-P2d_pre	100.000	63	0	0	3	65	1	63	2.66e-30	117
N5_8117	Sto-Mir-19-P2a_pre	82.540	63	10	1	3	65	1	62	2.11e-11	54.7
N5_8117	Sto-Mir-19-P2b_pre	81.538	65	7	4	3	65	1	62	9.83e-10	49.1
N18_17946	Sto-Mir-17-P3c_pre	96.721	61	2	0	1	61	1	61	6.88e-26	102
N18_17946	Sto-Mir-17-P3d_pre	100.000	23	0	0	2	24	2	24	4.23e-08	43.6
N18_17946	Sto-Mir-17-P1a_pre	81.818	55	7	2	2	56	2	53	4.23e-08	43.6
N18_17946	Sto-Mir-17-P3a_pre	91.667	24	2	0	1	24	1	24	2.55e-05	34.4
N18_17946	Sto-Mir-17-P1d_pre	80.488	41	7	1	2	42	2	41	3.29e-04	30.7
N23_19238	Sto-Mir-455_pre	100.000	58	0	0	1	58	1	58	1.42e-27	108
N23_19238	Sto-Mir-1-P2_pre	100.000	11	0	0	46	56	22	12	0.19	21.4
N23_19238	Sto-Mir-1-P1_pre	100.000	11	0	0	46	56	22	12	0.19	21.4
N4_7010	Sto-Mir-130-P1b_pre	95.000	20	1	0	61	80	39	58	1.31e-04	32.5
N4_7010	Sto-Mir-130-P4a_pre	100.000	12	0	0	62	73	42	53	0.079	23.3
N4_7010	Sto-Mir-130-P3b_pre	100.000	12	0	0	61	72	37	48	0.079	23.3
N4_7010	Sto-Mir-130-P3a_pre	100.000	12	0	0	61	72	42	53	0.079	23.3
N4_7010	Sto-Mir-92-P1c_pre	100.000	12	0	0	62	73	50	39	0.079	23.3
N7_11411	Sto-Mir-135-P2_pre	100.000	59	0	0	1	59	1	59	3.94e-28	110
N7_11411	Sto-Mir-135-P1_pre	84.746	59	6	3	1	57	1	58	5.21e-12	56.5
N7_11411	Sto-Mir-135-P3_pre	100.000	24	0	0	1	24	1	24	1.13e-08	45.4
N14_17251	Sto-Mir-92-P1c_pre	91.803	61	5	0	1	61	2	62	6.93e-21	86.1
N14_17251	Sto-Mir-130-P1b_pre	93.750	16	1	0	34	49	55	40	0.015	25.1
N14_17251	Sto-Mir-130-P4a_pre	100.000	12	0	0	38	49	53	42	0.055	23.3
N14_17251	Sto-Mir-130-P3b_pre	100.000	11	0	0	39	49	48	38	0.20	21.4
N14_17251	Sto-Mir-130-P3a_pre	100.000	11	0	0	39	49	53	43	0.20	21.4
N4_7386	Sto-Mir-124-P2-v2_pre	100.000	56	0	0	1	56	56	1	1.76e-26	104
N4_7386	Sto-Mir-124-P2-v1_pre	100.000	56	0	0	1	56	56	1	1.76e-26	104
N4_7386	Sto-Mir-124-P1-v2_pre	98.214	56	1	0	1	56	56	1	8.17e-25	99.0
N4_7386	Sto-Mir-124-P1-v1_pre	98.214	56	1	0	1	56	56	1	8.17e-25	99.0
N4_7386	Sto-Mir-124-P3-v2_pre	96.491	57	1	1	1	56	57	1	3.80e-23	93.5
N4_7386	Sto-Mir-124-P3-v1_pre	96.491	57	1	1	1	56	57	1	3.80e-23	93.5
N4_7386	Sto-Mir-124-P4-v2_pre	94.643	56	3	0	1	56	56	1	1.77e-21	87.9
N4_7386	Sto-Mir-124-P4-v1_pre	94.643	56	3	0	1	56	56	1	1.77e-21	87.9
N22_18891	Sto-Mir-153-P3_pre	96.667	60	2	0	1	60	1	60	2.42e-25	100
N22_18891	Sto-Mir-153-P1_pre	88.889	63	2	5	1	60	1	61	5.28e-17	73.1
N22_18891	Sto-Mir-153-P2_pre	87.097	62	4	4	1	60	2	61	2.46e-15	67.6
N3_5845	Sto-Mir-194-P2_pre	100.000	56	0	0	1	56	1	56	1.72e-26	104
N3_5845	Sto-Mir-194-P1_pre	83.019	53	7	2	1	52	1	52	2.94e-09	47.3
N3_5845	Sto-Mir-281_pre	100.000	11	0	0	7	17	53	43	0.18	21.4
N27_26064	Sto-Mir-153-P1_pre	100.000	61	0	0	1	61	1	61	3.18e-29	113
N27_26064	Sto-Mir-153-P2_pre	90.323	62	3	3	1	61	2	61	1.16e-18	78.7
N27_26064	Sto-Mir-153-P3_pre	85.714	63	4	5	1	61	1	60	1.17e-13	62.1
N8_12905	Sto-Mir-34-P1_pre	100.000	61	0	0	1	61	1	61	3.37e-29	113
N8_12905	Sto-Mir-34-P3a_pre	87.500	24	0	2	2	22	2	25	0.016	25.1
N31_31690	Sto-Mir-92-P1b_pre	98.305	59	1	0	1	59	4	62	1.83e-26	104
N31_31690	Sto-Mir-92-P1a_pre	100.000	23	0	0	37	59	38	60	4.06e-08	43.6
N31_31690	Sto-Mir-92-P1d_pre	100.000	20	0	0	38	57	38	57	1.89e-06	38.1
N31_31690	Sto-Mir-92-P2d_pre	89.474	19	2	0	36	54	37	55	0.015	25.1
N31_31690	Sto-Mir-221-P3_pre	100.000	11	0	0	16	26	53	63	0.19	21.4
N31_31690	Sto-Mir-7-P2_pre	100.000	11	0	0	3	13	51	41	0.19	21.4
N28_27771	Sto-Mir-26-P3_pre	100.000	61	0	0	1	61	1	61	3.18e-29	113
N28_27771	Sto-Mir-26-P2_pre	86.538	52	5	2	1	51	1	51	5.43e-12	56.5
N28_27771	Sto-Mir-26-P1_pre	100.000	24	0	0	1	24	1	24	1.18e-08	45.4
N31_31692	Sto-Mir-19-P2b_pre	96.667	60	2	0	1	60	2	61	2.42e-25	100
N31_31692	Sto-Mir-19-P2a_pre	86.885	61	6	2	1	60	2	61	2.46e-15	67.6
N31_31692	Sto-Mir-19-P2d_pre	80.952	63	7	4	1	60	2	62	1.15e-08	45.4
N31_31692	Sto-Mir-19-P1_pre	95.455	22	1	0	39	60	36	57	6.93e-06	36.2
N31_31692	Sto-Mir-19-P1_pre	90.000	20	0	2	40	59	18	1	0.015	25.1
N9_13534	Sto-Mir-21_pre	100.000	60	0	0	1	60	1	60	1.12e-28	111
N29_29310	Sto-Mir-103-P1_pre	100.000	60	0	0	1	60	1	60	1.12e-28	111
N29_29310	Sto-Mir-103-P2_pre	91.525	59	5	0	2	60	2	60	8.78e-20	82.4
N29_29310	Sto-Mir-103-P3_pre	91.228	57	5	0	2	58	2	58	1.14e-18	78.7
N11_15716	Sto-Mir-10-P2a_pre	98.246	57	1	0	1	57	57	1	2.42e-25	100
N11_15716	Sto-Mir-10-P2b_pre	100.000	20	0	0	38	57	20	1	1.93e-06	38.1
N11_15716	Sto-Mir-10-P2c_pre	95.455	22	1	0	36	57	22	1	6.93e-06	36.2
N11_15716	Sto-Mir-10-P1a-v2_pre	91.667	24	1	1	34	56	24	1	8.97e-05	32.5
N11_15716	Sto-Mir-10-P1a-v1_pre	91.667	24	1	1	34	56	25	2	8.97e-05	32.5
N3_3901	Sto-Mir-130-P4b_pre	96.923	65	2	0	1	65	1	65	4.45e-28	110
N3_3901	Sto-Mir-130-P4a_pre	83.077	65	9	1	1	65	1	63	1.63e-12	58.4
N3_3901	Sto-Mir-130-P4o1_pre	77.941	68	8	5	1	65	1	64	7.65e-06	36.2
N3_3901	Sto-Mir-130-P2b_pre	100.000	15	0	0	41	55	20	6	0.001	28.8
N3_3901	Sto-Mir-130-P2a_pre	100.000	12	0	0	41	52	22	11	0.060	23.3
N3_3901	Sto-Mir-92-P1d_pre	100.000	11	0	0	44	54	46	36	0.21	21.4
N5_8116	Sto-Mir-17-P1d_pre	100.000	60	0	0	1	60	1	60	1.65e-28	111
N5_8116	Sto-Mir-17-P3a_pre	95.833	24	1	0	2	25	2	25	7.87e-07	39.9
N5_8116	Sto-Mir-17-P1a_pre	83.721	43	5	2	2	44	2	42	7.87e-07	39.9
N5_8116	Sto-Mir-17-P3c_pre	82.927	41	6	1	2	41	2	42	1.02e-05	36.2
N5_8116	Sto-Mir-17-P3d_pre	87.500	24	3	0	2	25	2	25	0.002	28.8
N7_10301	Sto-Mir-425_pre	100.000	59	0	0	1	59	1	59	4.03e-28	110
N31_31699	Sto-Mir-17-P3d_pre	81.481	54	8	2	2	53	2	55	3.97e-08	43.6
N31_31699	Sto-Mir-17-P1a_pre	81.481	54	8	2	2	54	2	54	3.97e-08	43.6
N31_31699	Sto-Mir-17-P3c_pre	95.455	22	1	0	2	23	2	23	6.64e-06	36.2
N31_31699	Sto-Mir-17-P3a_pre	90.909	22	2	0	2	23	2	23	3.09e-04	30.7
N31_31699	Sto-Mir-17-P1d_pre	86.957	23	3	0	1	23	1	23	0.004	27.0
N5_8119	Sto-Mir-92-P1d_pre	98.246	57	1	0	1	57	1	57	2.27e-25	100
N5_8119	Sto-Mir-92-P1a_pre	95.833	24	1	0	34	57	35	58	5.02e-07	39.9
N5_8119	Sto-Mir-92-P1b_pre	100.000	20	0	0	38	57	41	60	1.81e-06	38.1
N5_8119	Sto-Mir-92-P2d_pre	93.750	16	1	0	39	54	40	55	0.014	25.1
N5_8119	Sto-Mir-7-P1_pre	90.000	20	1	1	19	37	22	41	0.014	25.1
N5_8119	Sto-Mir-130-P4b_pre	100.000	11	0	0	36	46	54	44	0.18	21.4
N5_8119	Sto-Mir-130-P2b_pre	100.000	11	0	0	36	46	7	17	0.18	21.4
N5_8119	Sto-Mir-34-P3a_pre	100.000	11	0	0	11	21	60	50	0.18	21.4
N18_17962	Sto-Mir-15-P2c_pre	100.000	63	0	0	1	63	1	63	2.56e-30	117
N18_17962	Sto-Mir-15-P2b_pre	95.238	21	1	0	1	21	1	21	2.65e-05	34.4
N18_17962	Sto-Mir-15-P1a_pre	100.000	13	0	0	1	13	1	13	0.016	25.1
N18_17962	Sto-Mir-15-P1b_pre	100.000	11	0	0	1	11	1	11	0.21	21.4
N29_28390	Sto-Mir-146-o1_pre	100.000	64	0	0	1	64	1	64	7.25e-31	119
N29_28390	Sto-Mir-146-P3_pre	100.000	18	0	0	1	18	1	18	2.70e-05	34.4
N11_15798	Sto-Mir-128-P3_pre	98.214	56	1	0	1	56	1	56	7.99e-25	99.0
N11_15798	Sto-Mir-128-P2_pre	89.286	56	6	0	1	56	1	56	1.74e-16	71.3
N11_15798	Sto-Mir-128-P1_pre	100.000	21	0	0	36	56	34	54	4.91e-07	39.9
N28_26813	Sto-Mir-153-P2_pre	100.000	57	0	0	1	57	5	61	4.88e-27	106
N28_26813	Sto-Mir-153-P1_pre	89.831	59	3	3	1	57	4	61	4.95e-17	73.1
N28_26813	Sto-Mir-153-P3_pre	83.051	59	6	4	1	57	4	60	2.32e-10	51.0
N27_24917	Sto-Mir-375_pre	96.552	58	2	0	1	58	1	58	3.00e-24	97.1
N6_9641	Sto-Mir-29-P2b_pre	100.000	60	0	0	1	60	3	62	1.12e-28	111
N6_9641	Sto-Mir-29-P2a_pre	85.000	60	8	1	1	60	2	60	4.11e-13	60.2
N6_9641	Sto-Mir-29-P1b_pre	100.000	20	0	0	38	57	36	55	1.93e-06	38.1
N6_9641	Sto-Mir-29-P1a_pre	100.000	19	0	0	39	57	37	55	6.93e-06	36.2
N7_10973	Sto-Mir-205-P3_pre	98.387	62	1	0	1	62	1	62	4.19e-28	110
N7_10973	Sto-Mir-205-P1_pre	100.000	23	0	0	1	23	1	23	4.31e-08	43.6
N7_10973	Sto-Mir-205-P2_pre	90.909	22	2	0	2	23	2	23	3.36e-04	30.7
N7_10973	Sto-Mir-143_pre	100.000	11	0	0	49	59	35	45	0.20	21.4
N6_9169	Sto-Mir-193-P2b_pre	100.000	60	0	0	2	61	1	60	1.19e-28	111
N1_1884	Sto-Mir-430-o29_pre	98.276	58	1	0	1	58	1	58	6.46e-26	102
N2_3416	Sto-Mir-210-P1_pre	98.214	56	1	0	1	56	3	58	7.99e-25	99.0
N2_3416	Sto-Mir-210-P2_pre	100.000	21	0	0	36	56	38	58	4.91e-07	39.9
N2_3416	Sto-Mir-15-P1a_pre	100.000	11	0	0	14	24	43	53	0.18	21.4
N1_1593	Sto-Mir-218-P1_pre	100.000	64	0	0	1	64	1	64	7.25e-31	119
N1_1593	Sto-Mir-218-P2_pre	90.625	64	6	0	1	64	1	64	7.35e-21	86.1
N28_27174	Sto-Mir-199-P1-v3_pre	95.000	20	1	0	45	64	1	20	1.01e-04	32.5
N28_27174	Sto-Mir-199-P1-v2_pre	95.000	20	1	0	45	64	1	20	1.01e-04	32.5
N28_27174	Sto-Mir-199-P1-v1_pre	95.000	20	1	0	45	64	1	20	1.01e-04	32.5
N28_27174	Sto-Mir-199-P3-v3_pre	95.000	20	1	0	45	64	1	20	1.01e-04	32.5
N28_27174	Sto-Mir-199-P3-v2_pre	95.000	20	1	0	45	64	1	20	1.01e-04	32.5
N28_27174	Sto-Mir-199-P3-v1_pre	95.000	20	1	0	45	64	1	20	1.01e-04	32.5
N1_1882	Sto-Mir-214-v2_pre	100.000	11	0	0	14	24	11	21	0.19	21.4
N1_1882	Sto-Mir-214-v1_pre	100.000	11	0	0	14	24	11	21	0.19	21.4
N10_14265	Sto-Mir-338-P1_pre	98.333	60	1	0	1	60	1	60	5.21e-27	106
N10_14265	Sto-Mir-338-P2_pre	80.645	62	8	3	1	60	1	60	1.15e-08	45.4
N10_14265	Sto-Mir-7-P3_pre	100.000	13	0	0	47	59	10	22	0.015	25.1
N10_14265	Sto-Mir-7-P2_pre	100.000	13	0	0	47	59	10	22	0.015	25.1
N10_14265	Sto-Mir-7-P1_pre	100.000	13	0	0	47	59	10	22	0.015	25.1
N26_23070	Sto-Mir-17-P3a_pre	100.000	59	0	0	1	59	1	59	4.70e-28	110
N26_23070	Sto-Mir-17-P3a_pre	80.000	55	7	4	3	55	55	3	2.25e-06	38.1
N26_23070	Sto-Mir-17-P3d_pre	81.481	54	10	0	2	55	2	55	1.34e-08	45.4
N26_23070	Sto-Mir-17-P1a_pre	85.714	42	4	1	2	43	2	41	4.83e-08	43.6
N26_23070	Sto-Mir-17-P1d_pre	95.833	24	1	0	2	25	2	25	6.25e-07	39.9
N26_23070	Sto-Mir-17-P3c_pre	92.000	25	2	0	1	25	1	25	8.09e-06	36.2
N3_4540	Sto-Mir-216-P1b_pre	100.000	61	0	0	1	61	1	61	3.18e-29	113
N3_4540	Sto-Mir-216-P1a_pre	86.207	29	3	1	1	29	1	28	3.29e-04	30.7
N19_18154	Sto-Mir-190-P1_pre	100.000	58	0	0	1	58	1	58	1.39e-27	108
N19_18154	Sto-Mir-190-P1_pre	82.143	56	2	6	3	54	54	3	1.43e-07	41.7
N19_18154	Sto-Mir-190-P2_pre	88.462	26	1	2	1	26	1	24	3.09e-04	30.7
N19_18154	Sto-Mir-190-P2_pre	88.000	25	2	1	31	55	34	57	0.001	28.8
N19_18154	Sto-Mir-190-P2_pre	100.000	13	0	0	42	54	15	3	0.014	25.1
N9_13000	Sto-Mir-9-P3_pre	98.214	56	1	0	1	56	58	3	7.99e-25	99.0
N9_13000	Sto-Mir-9-P3_pre	77.966	59	8	5	1	56	3	59	8.22e-05	32.5
N9_13000	Sto-Mir-9-P4_pre	91.071	56	4	1	1	56	57	3	1.35e-17	75.0
N9_13000	Sto-Mir-9-P4_pre	90.476	21	2	0	1	21	3	23	0.001	28.8
N9_13000	Sto-Mir-9-P2_pre	85.714	56	7	1	1	56	57	3	1.36e-12	58.4
N9_13000	Sto-Mir-9-P2_pre	90.476	21	2	0	1	21	3	23	0.001	28.8
N9_13000	Sto-Mir-9-P2_pre	90.909	22	1	1	36	56	37	58	0.001	28.8
N6_9643	Sto-Mir-29-P1b_pre	100.000	60	0	0	1	60	1	60	1.12e-28	111
N6_9643	Sto-Mir-29-P1a_pre	82.258	62	7	3	1	60	1	60	2.48e-10	51.0
N6_9643	Sto-Mir-29-P2b_pre	100.000	20	0	0	36	55	40	59	1.93e-06	38.1
N6_9643	Sto-Mir-29-P2a_pre	100.000	19	0	0	37	55	39	57	6.93e-06	36.2
N13_17138	Sto-Mir-27-P1_pre	84.375	64	7	3	1	62	2	64	4.28e-13	60.2
N13_17138	Sto-Mir-27-P2_pre	100.000	21	0	0	40	60	40	60	5.58e-07	39.9
N13_17138	Sto-Mir-27-o1_pre	95.833	24	0	1	37	60	41	63	2.01e-06	38.1
N13_17138	Sto-Novel-4_pre	100.000	11	0	0	15	25	44	34	0.20	21.4
N13_17138	Sto-Mir-10-P3c_pre	100.000	11	0	0	9	19	12	22	0.20	21.4
N13_17138	Sto-Mir-10-P3c_pre	100.000	11	0	0	9	19	52	42	0.20	21.4
N13_17138	Sto-Mir-10-P3a_pre	100.000	11	0	0	9	19	12	22	0.20	21.4
N27_24105	Sto-Mir-22-P1a_pre	100.000	11	0	0	49	59	27	17	0.27	21.4
N30_29686	Sto-Mir-155_pre	100.000	61	0	0	1	61	1	61	3.18e-29	113
N11_15750	Sto-Mir-148-P2_pre	98.387	62	1	0	1	62	2	63	4.28e-28	110
N11_15750	Sto-Mir-148-P1_pre	92.000	25	2	0	38	62	35	59	7.36e-06	36.2
N11_15748	Sto-Mir-148-P2_pre	98.387	62	1	0	1	62	2	63	4.28e-28	110
N11_15748	Sto-Mir-148-P1_pre	92.000	25	2	0	38	62	35	59	7.36e-06	36.2
N13_17151	Sto-Mir-181-P2c_pre	96.667	60	2	0	1	60	1	60	2.47e-25	100
N13_17151	Sto-Mir-181-P2a_pre	89.831	59	3	3	1	57	1	58	5.39e-17	73.1
N13_17151	Sto-Mir-181-P2b_pre	100.000	24	0	0	1	24	1	24	1.18e-08	45.4
N23_19232	Sto-Mir-219-P1-v2_pre	100.000	67	0	0	1	67	1	67	1.65e-32	124
N23_19232	Sto-Mir-219-P1-v1_pre	100.000	67	0	0	1	67	1	67	1.65e-32	124
N23_19232	Sto-Mir-219-P2_pre	96.000	25	1	0	1	25	1	25	1.71e-07	41.7
N1_1171	Sto-Mir-146-P3_pre	100.000	65	0	0	1	65	1	65	2.09e-31	121
N1_1171	Sto-Mir-146-o1_pre	100.000	18	0	0	1	18	1	18	2.80e-05	34.4
N14_17246	Sto-Mir-190-P2_pre	93.443	61	3	1	1	61	1	60	5.36e-22	89.8
N14_17246	Sto-Mir-190-P1_pre	88.462	26	1	2	1	24	1	26	3.29e-04	30.7
N14_17246	Sto-Mir-190-P1_pre	100.000	13	0	0	3	15	54	42	0.015	25.1
N1_1874	Sto-Mir-430-o30_pre	92.857	14	1	0	32	45	33	46	0.18	21.4
N1_1874	Sto-Mir-430-o28_pre	92.857	14	1	0	31	44	28	41	0.18	21.4
N7_10881	Sto-Mir-29-P1a_pre	100.000	60	0	0	1	60	1	60	1.12e-28	111
N7_10881	Sto-Mir-29-P1b_pre	82.258	62	7	3	1	60	1	60	2.48e-10	51.0
N7_10881	Sto-Mir-29-P2b_pre	100.000	19	0	0	37	55	41	59	6.93e-06	36.2
N7_10881	Sto-Mir-29-P2a_pre	100.000	19	0	0	37	55	39	57	6.93e-06	36.2
N31_31688	Sto-Mir-92-P2b_pre	98.438	64	1	0	1	64	1	64	3.37e-29	113
N24_19664	Sto-Mir-30-P2c_pre	98.246	57	1	0	1	57	1	57	2.37e-25	100
N24_19664	Sto-Mir-30-P2a_pre	80.952	63	7	3	1	59	1	62	1.13e-08	45.4
N24_19664	Sto-Mir-30-P2b_pre	92.308	26	0	1	1	24	1	26	6.79e-06	36.2
N24_19664	Sto-Mir-30-P1b_pre	100.000	12	0	0	1	12	1	12	0.053	23.3
N24_19664	Sto-Mir-30-P1c_pre	100.000	11	0	0	1	11	1	11	0.19	21.4
N13_17136	Sto-Mir-24-o2_pre	98.361	61	1	0	1	61	1	61	1.48e-27	108
N13_17136	Sto-Mir-24-P1_pre	85.484	62	4	3	2	61	1	59	4.20e-13	60.2
N13_17136	Sto-Mir-24-P2_pre	83.607	61	9	1	1	61	1	60	5.43e-12	56.5
N13_17136	Sto-Mir-24-o1_pre	80.328	61	7	5	1	59	1	58	1.52e-07	41.7
N29_29501	Sto-Mir-216-P1b_pre	100.000	11	0	0	51	61	13	23	0.24	21.4
N25_22323	Sto-Mir-9-P2_pre	100.000	55	0	0	1	55	57	3	6.04e-26	102
N25_22323	Sto-Mir-9-P2_pre	78.947	57	9	3	1	55	3	58	6.21e-06	36.2
N25_22323	Sto-Mir-9-P3_pre	87.500	56	6	1	1	55	58	3	2.85e-14	63.9
N25_22323	Sto-Mir-9-P3_pre	77.586	58	9	3	1	55	3	59	8.03e-05	32.5
N25_22323	Sto-Mir-9-P4_pre	85.714	56	6	2	1	55	57	3	1.33e-12	58.4
N25_22323	Sto-Mir-9-P4_pre	90.476	21	2	0	1	21	3	23	0.001	28.8
N1_1371	Sto-Mir-34-P3d_pre	98.305	59	1	0	1	59	1	59	1.83e-26	104
N1_1371	Sto-Mir-34-P3a_pre	95.238	21	1	0	1	21	1	21	2.44e-05	34.4
N1_1371	Sto-Mir-221-P2_pre	100.000	12	0	0	37	48	34	45	0.053	23.3
N3_5859	Sto-Mir-216-P1a_pre	100.000	11	0	0	31	41	17	7	0.16	21.4
N1_1878	Sto-Mir-430-o30_pre	84.211	38	5	1	17	54	18	54	6.79e-06	36.2
N1_1878	Sto-Mir-430-o28_pre	84.000	25	4	0	35	59	31	55	0.015	25.1
N9_13651	Sto-Mir-7-P2_pre	98.387	62	1	0	1	62	1	62	4.19e-28	110
N9_13651	Sto-Mir-7-P1_pre	83.607	61	7	3	1	59	1	60	1.99e-11	54.7
N9_13651	Sto-Mir-7-P3_pre	100.000	24	0	0	1	24	1	24	1.20e-08	45.4
N9_13651	Sto-Mir-338-P2_pre	100.000	13	0	0	10	22	47	59	0.016	25.1
N9_13651	Sto-Mir-338-P1_pre	100.000	13	0	0	10	22	47	59	0.016	25.1
N9_13651	Sto-Mir-92-P1b_pre	100.000	11	0	0	41	51	16	6	0.20	21.4
N9_13651	Sto-Let-7-P2b2_pre	100.000	11	0	0	9	19	29	39	0.20	21.4
N12_16767	Sto-Mir-153-P2_pre	100.000	11	0	0	67	77	21	11	0.28	21.4
N23_19166	Sto-Mir-181-P2b_pre	98.333	60	1	0	1	60	1	60	5.21e-27	106
N23_19166	Sto-Mir-181-P2a_pre	81.967	61	9	2	1	59	1	61	2.48e-10	51.0
N23_19166	Sto-Mir-181-P2a_pre	92.857	14	1	0	40	53	55	42	0.19	21.4
N23_19166	Sto-Mir-181-P2c_pre	100.000	24	0	0	1	24	1	24	1.15e-08	45.4
N31_31693	Sto-Mir-153-P2_pre	100.000	11	0	0	42	52	25	35	0.19	21.4
N23_19011	Sto-Mir-128-P3_pre	95.000	20	1	0	44	63	37	56	9.90e-05	32.5
N23_19011	Sto-Mir-128-P2_pre	95.000	20	1	0	44	63	37	56	9.90e-05	32.5
N23_19011	Sto-Mir-128-P1_pre	95.000	20	1	0	44	63	35	54	9.90e-05	32.5
N23_19011	Sto-Mir-205-P3_pre	100.000	11	0	0	36	46	26	16	0.21	21.4
N23_19011	Sto-Mir-205-P3_pre	100.000	11	0	0	2	12	26	16	0.21	21.4
N23_19436	Sto-Mir-181-P2b_pre	98.276	58	1	0	1	58	58	1	6.74e-26	102
N23_19436	Sto-Mir-181-P2a_pre	96.552	29	1	0	30	58	29	1	8.90e-10	49.1
N23_19436	Sto-Mir-181-P2a_pre	92.857	14	1	0	6	19	42	55	0.19	21.4
N23_19436	Sto-Mir-181-P2c_pre	100.000	24	0	0	35	58	24	1	1.15e-08	45.4
